,Crime_ID,License_Plate
30078,30078,RZ716T
45024,45024,RT090F
45025,45025,ZG827H
45027,45027,IM496R
45028,45028,LI773H
45029,45029,UP020Z
45030,45030,PU186X
45031,45031,XG965X
45032,45032,SH738N
45034,45034,GT866P
45035,45035,KZ884J
45037,45037,YR000C
45038,45038,XZ466T
45039,45039,QE421Y
45040,45040,XT218Y
45043,45043,BW020U
45044,45044,TK734B
45045,45045,TY055C
45048,45048,RR048N
45049,45049,AX954N
45051,45051,FQ852V
45052,45052,FZ140B
45053,45053,DV792D
45055,45055,OQ490X
45057,45057,WS128F
45058,45058,ZT792T
45059,45059,YQ469M
45060,45060,KA232D
45061,45061,HU822V
45062,45062,UT149R
45063,45063,JU580Y
45064,45064,PD791Y
45065,45065,KJ690X
45066,45066,QV478Z
45070,45070,QK598K
45071,45071,HT266M
45072,45072,DR904O
45073,45073,GJ437W
45074,45074,QD831T
45075,45075,PZ387W
45076,45076,UG427X
45077,45077,JW382B
45079,45079,FA042M
45080,45080,UB840J
45083,45083,XP388J
45084,45084,KP420F
45085,45085,KJ754M
45086,45086,QQ856N
45087,45087,KB176C
45089,45089,BA617X
45090,45090,UF348N
45091,45091,ON150U
45092,45092,JG867V
45093,45093,YS840X
45094,45094,MJ831P
45095,45095,VQ784W
45096,45096,AP030E
45097,45097,YR276J
45098,45098,HM241K
45099,45099,HJ760Y
45101,45101,CR968X
45102,45102,EH476J
45103,45103,JC251T
45104,45104,PU872A
45105,45105,GP772K
45106,45106,LL151E
45107,45107,XU746K
45108,45108,VO727P
45115,45115,XZ860J
45116,45116,WM048N
45117,45117,FQ242S
45118,45118,UZ615K
45119,45119,US428F
45120,45120,HC389Y
45121,45121,GY023L
45122,45122,CM348A
45123,45123,SF916D
45124,45124,NN249W
45126,45126,XK114B
45127,45127,PR252V
45129,45129,XM338G
45130,45130,EJ657M
45131,45131,CV750O
45132,45132,RU548O
45134,45134,LJ278B
45135,45135,QS258V
45136,45136,NW907S
45137,45137,TO640Z
45138,45138,UW834P
45139,45139,WF255H
45140,45140,RV190Q
45141,45141,WT778E
45142,45142,XW154R
45144,45144,NB593C
45145,45145,EC081U
45146,45146,ZY566U
45147,45147,RU370E
45150,45150,BA064S
45151,45151,HT855A
45153,45153,OU587A
45154,45154,KK822C
45155,45155,IQ359Y
45156,45156,GB958V
45157,45157,XV736J
45158,45158,XV445V
45159,45159,SA966L
45160,45160,LO625M
45161,45161,TF689P
45162,45162,OD615F
45163,45163,XS776A
45164,45164,HO928T
45168,45168,WK396Q
45169,45169,PN467W
45170,45170,DA776O
45171,45171,HY927U
45173,45173,JJ179P
45174,45174,MC094F
45175,45175,AA224M
45176,45176,OX605H
45177,45177,KE952T
45178,45178,BA173S
45179,45179,HA753L
45180,45180,NZ898X
45182,45182,SF271B
45184,45184,TG052H
45185,45185,QU370P
45186,45186,JK502S
45189,45189,VW685U
45191,45191,EJ757C
45192,45192,XG528I
45193,45193,FQ932D
45194,45194,EX681N
45195,45195,YT617E
45196,45196,TB118L
45197,45197,EB718W
45198,45198,RC115G
45199,45199,MO259S
45200,45200,VO217D
45201,45201,FI219Z
45202,45202,RB977U
45203,45203,ZZ211O
45204,45204,XT983T
45205,45205,MK759W
45206,45206,GS074F
45207,45207,XA549A
45208,45208,ZT143Q
45209,45209,HQ372I
45210,45210,MA091I
45211,45211,HE480E
45212,45212,QP708O
45213,45213,YT894V
45214,45214,EW547C
45216,45216,VC560G
45217,45217,LD735T
45218,45218,QM900R
45219,45219,LG224A
45220,45220,ZL379Y
45221,45221,ZU004W
45222,45222,NJ593Y
45223,45223,FA022V
45224,45224,MR007D
45225,45225,GA255I
45226,45226,LV159G
45227,45227,TE394T
45228,45228,TI524S
45229,45229,HM860K
45230,45230,FW248U
45231,45231,JQ828O
45234,45234,XL108U
45235,45235,NX658Z
45237,45237,QI581F
45238,45238,RL316W
45240,45240,FO112B
45241,45241,MQ180S
45244,45244,HB851Z
45245,45245,PH880B
45246,45246,DY289P
45247,45247,UR431L
45249,45249,VY982A
45250,45250,XH708N
45251,45251,CM928C
45253,45253,EX003W
45255,45255,KF429Q
45257,45257,JJ204T
45258,45258,DN598U
45259,45259,GO665P
45260,45260,JZ287I
45261,45261,YD160I
45262,45262,WZ483H
45264,45264,WK223C
45265,45265,JB024S
45266,45266,RF387Y
45267,45267,RX937R
45268,45268,EL715W
45269,45269,UP815R
45270,45270,XY612J
45271,45271,MQ576K
45272,45272,TT243U
45273,45273,TX350B
45274,45274,HB129H
45275,45275,QU434P
45276,45276,ZZ397P
45277,45277,UY075M
45278,45278,WE434Q
45279,45279,PA734Z
45280,45280,EA078L
45281,45281,XA744C
45282,45282,AF883Q
45283,45283,UJ973S
45285,45285,DZ028L
45286,45286,SW326J
45287,45287,TP686L
45288,45288,YT265F
45291,45291,MJ785F
45293,45293,GR923K
45294,45294,IU097M
45297,45297,TA974R
45298,45298,YE482H
45299,45299,UB276R
45300,45300,YO891Y
45301,45301,LA140F
45303,45303,OB803M
45304,45304,BT149U
45305,45305,IB589A
45306,45306,EW481K
45308,45308,BC561Z
45309,45309,MY056I
45310,45310,AH099U
45311,45311,KM624F
45312,45312,EP329T
45313,45313,SS337N
45317,45317,HY792Z
45318,45318,BZ531Q
45319,45319,TU650Y
45320,45320,UE810T
45321,45321,DR164P
45324,45324,DC740C
45325,45325,MC041S
45326,45326,IW768R
45327,45327,NT266R
45328,45328,UP559Q
45329,45329,MX109E
45330,45330,AP380M
45331,45331,UX472Y
45332,45332,WN344Z
45333,45333,GX050U
45334,45334,VB227T
45336,45336,DH362Q
45337,45337,PO007Q
45339,45339,OU949D
45340,45340,FR944K
45341,45341,KG538Y
45342,45342,TA612I
45349,45349,SZ721F
45350,45350,EC636H
45352,45352,PS517P
45353,45353,QT079I
45355,45355,XU528G
45356,45356,QV402G
45357,45357,QP610W
45358,45358,SB653J
45359,45359,SK105N
45360,45360,RW034H
45368,45368,US704H
45369,45369,TK547T
45371,45371,GG535R
45372,45372,IJ422T
45373,45373,KE749Y
45374,45374,YN217M
45375,45375,BQ714Y
45376,45376,MB637E
45377,45377,RS727O
45378,45378,KY195A
45379,45379,HT881P
45383,45383,DC325F
45384,45384,RP477K
45385,45385,KL814K
45387,45387,DW572R
45388,45388,FU218S
45390,45390,MK155A
45391,45391,MB510V
45392,45392,RW512F
45393,45393,NS527K
45394,45394,FK536H
45395,45395,TT351T
45396,45396,PJ890I
45397,45397,FZ139V
45398,45398,LJ019H
45399,45399,BX389X
45400,45400,PS012C
45401,45401,FL889Q
45402,45402,IU919T
45403,45403,QL805H
45405,45405,IY336M
45406,45406,WF822B
45407,45407,FR458Y
45408,45408,EG558H
45409,45409,LX000S
45413,45413,FK557U
45416,45416,TI596F
45417,45417,IT355T
45420,45420,FS093E
45421,45421,EP946K
45422,45422,ZG975J
45423,45423,HZ235Z
45424,45424,OO898T
45425,45425,NH700Y
45426,45426,EK113C
45427,45427,ZN557N
45428,45428,OR972L
45429,45429,FP714D
45430,45430,IX280M
45431,45431,II829F
45432,45432,RS346F
45433,45433,ZT008G
45434,45434,QI811L
45435,45435,JC532G
45436,45436,DT614E
45437,45437,NX782D
45438,45438,VE385Y
45439,45439,MO386C
45440,45440,WG099L
45441,45441,GG975I
45442,45442,QD420K
45443,45443,XF707K
45444,45444,JM422H
45445,45445,VM894D
45446,45446,PI815P
45447,45447,ZD417E
45448,45448,WR995U
45449,45449,HQ298T
45450,45450,FL722A
45451,45451,ZL082B
45452,45452,SO756Q
45453,45453,BU692U
45454,45454,IO758I
45457,45457,VM779N
45458,45458,NJ500G
45459,45459,QB896P
45460,45460,XM864A
45463,45463,EB263J
45464,45464,FG984K
45465,45465,VQ439Q
45466,45466,KW568N
45467,45467,QO184U
45468,45468,IW084Y
45471,45471,AI802U
45472,45472,MG292F
45473,45473,CX905H
45474,45474,GL630D
45475,45475,TV796X
45476,45476,PD441L
45482,45482,BF115B
45483,45483,QJ661K
45484,45484,UH311X
45485,45485,ZH791A
45486,45486,RI622N
45487,45487,AJ694N
45488,45488,FA621W
45489,45489,WH220T
45490,45490,IM452L
45491,45491,XX486H
45492,45492,TA450L
45493,45493,NE361D
45494,45494,YG933X
45495,45495,HA515O
45496,45496,WK309Z
45497,45497,EN994D
45498,45498,XA742A
45499,45499,XA101S
45500,45500,QK314D
45501,45501,JA407O
45502,45502,JG358L
45503,45503,AQ754S
45504,45504,AX245Z
45505,45505,DF401G
45506,45506,YR733T
45507,45507,II199O
45508,45508,AR363W
45509,45509,QG908H
45510,45510,VN268V
45512,45512,VC250G
45513,45513,FH395H
45514,45514,JP405C
45515,45515,AE212F
45516,45516,KR675L
45517,45517,KT480M
45518,45518,YR478I
45519,45519,TK069X
45520,45520,SA910A
45521,45521,WK280S
45522,45522,YW327Q
45523,45523,GG029H
45524,45524,CO880P
45525,45525,AN002A
45526,45526,LR323Y
45527,45527,NP807X
45528,45528,JE029D
45529,45529,IF224S
45530,45530,TC132Z
45531,45531,EP834N
45532,45532,EG133Q
45533,45533,WS705V
45535,45535,VR536S
45536,45536,CT960C
45537,45537,IZ879D
45538,45538,AQ541F
45540,45540,ED118J
45541,45541,LJ314M
45542,45542,NK935G
45543,45543,IM906D
45544,45544,OE116O
45545,45545,TO643Y
45546,45546,IP449E
45547,45547,JA935F
45548,45548,BW080P
45549,45549,MO875G
45551,45551,ZT194H
45552,45552,FA331D
45554,45554,YA747G
45555,45555,GG572N
45556,45556,RK342I
45557,45557,TX502I
45558,45558,MX075H
45559,45559,BT943R
45560,45560,UC062T
45561,45561,XN119W
45562,45562,CS577O
45563,45563,ZG935Z
45564,45564,QD284A
45565,45565,BO732R
45566,45566,FH844J
45567,45567,LV272O
45568,45568,ET482V
45569,45569,WV982L
45570,45570,RA078Y
45571,45571,ZR410I
45572,45572,GU391W
45573,45573,VC448G
45574,45574,QS322E
45575,45575,DH197U
45576,45576,MT385U
45577,45577,NJ251Y
45581,45581,HV787T
45582,45582,ZU070G
45583,45583,IC577M
45594,45594,AT096U
45595,45595,CR552U
45596,45596,CC981N
45597,45597,UG697S
45598,45598,TU834D
45599,45599,EV316F
45600,45600,ET698E
45601,45601,QO139I
45602,45602,IW403E
45603,45603,PO667R
45604,45604,AV736T
45605,45605,ZD929Z
45606,45606,WG466K
45607,45607,LS789Q
45608,45608,DE048P
45609,45609,QF447U
45610,45610,XK712W
45611,45611,KN465G
45612,45612,FU461C
45613,45613,PW764J
45614,45614,KX407B
45615,45615,GG864F
45616,45616,HC109B
45617,45617,ZR515E
45618,45618,BC249B
45619,45619,MW398B
45620,45620,ZO827V
45621,45621,AR478P
45622,45622,EG476R
45623,45623,PK947R
45624,45624,EF843D
45625,45625,ZN196J
45626,45626,XQ031X
45627,45627,EA941M
45628,45628,XP325N
45629,45629,YF289Q
45630,45630,ST233K
45632,45632,GN089K
45633,45633,NA940N
45634,45634,IY525A
45635,45635,DC289E
45636,45636,IA903L
45637,45637,WA212Q
45638,45638,ZS956J
45639,45639,KM933S
45640,45640,AN652I
45641,45641,YQ838D
45642,45642,AA377Y
45643,45643,UL983I
45644,45644,BL542G
45647,45647,XF151W
45650,45650,ZO258M
45651,45651,RU472A
45652,45652,SC102J
45653,45653,WQ122Y
45654,45654,MR044A
45655,45655,GD097X
45656,45656,OP624Z
45657,45657,OO944K
45659,45659,ZT975Q
45660,45660,WY705X
45661,45661,DV247T
45662,45662,PS699E
45667,45667,GB916C
45668,45668,VF032X
45669,45669,SM928S
45670,45670,ZA853U
45671,45671,TR378Y
45672,45672,UV482T
45673,45673,BU410H
45674,45674,RB564E
45675,45675,JD437Y
45676,45676,LL494Y
45677,45677,IX458D
45678,45678,GH328K
45679,45679,HW522D
45680,45680,KK807M
45681,45681,TF954J
45682,45682,KX503N
45683,45683,EI654E
45685,45685,DS174L
45686,45686,KJ624O
45687,45687,DV734S
45688,45688,GB017F
45689,45689,YX693L
45690,45690,CA778Q
45691,45691,NC935O
45692,45692,HB352S
45694,45694,SH786J
45695,45695,WU830Z
45696,45696,HJ371W
45697,45697,DY087L
45698,45698,TW854B
45699,45699,UE156A
45700,45700,FW643X
45701,45701,EI500A
45712,45712,PC350I
45713,45713,SA738J
45714,45714,DK881F
45715,45715,HV533V
45716,45716,CR685C
45717,45717,JU420J
45718,45718,LI964E
45719,45719,UJ700G
45723,45723,EV762M
45724,45724,GU097A
45725,45725,PY614U
45726,45726,DO088V
45727,45727,BJ095N
45728,45728,QO753X
45729,45729,CO294J
45732,45732,OG455P
45733,45733,XR986E
45734,45734,FR572X
45735,45735,KY110D
45736,45736,FR951W
45741,45741,AF473V
45742,45742,OU477W
45743,45743,VB921B
45748,45748,XL157Q
45749,45749,CJ591V
45750,45750,PR589U
45751,45751,CQ975B
45752,45752,WB627H
45753,45753,XJ872U
45754,45754,GI831E
45755,45755,EB379Q
45756,45756,ON490P
45757,45757,RP151Y
45758,45758,DU084W
45759,45759,SG007Q
45760,45760,UG167Q
45761,45761,DB519D
45763,45763,CQ648A
45764,45764,EZ809L
45765,45765,PN963P
45766,45766,DH189T
45767,45767,ID227G
45772,45772,ND441H
45773,45773,OG156P
45774,45774,EU170Y
45775,45775,OX993Y
45776,45776,AH747P
45777,45777,BD295R
45778,45778,ZX610S
45780,45780,HH856U
45781,45781,CM798Y
45783,45783,IG887M
45784,45784,LL340X
45785,45785,EZ387S
45786,45786,PH045D
45787,45787,UI981J
45788,45788,QP589I
45789,45789,OY854D
45790,45790,ZH693X
45791,45791,AA954G
45792,45792,YZ764H
45793,45793,MK210W
45794,45794,BH513N
45795,45795,FT976R
45796,45796,WS520V
45797,45797,WV817G
45798,45798,RT061T
45799,45799,YL245F
45800,45800,NX767F
45801,45801,HN882R
45802,45802,AG935Y
45805,45805,JS530A
45806,45806,FO347B
45808,45808,TH275C
45809,45809,LC476P
45810,45810,SK185Z
45811,45811,NM049D
45812,45812,WC668D
45813,45813,TD793J
45814,45814,OC924J
45815,45815,ID323B
45816,45816,OZ987O
45817,45817,QX057W
45818,45818,YH588U
45819,45819,PF087H
45820,45820,SQ576K
45821,45821,PU332I
45823,45823,XL864P
45825,45825,QJ399H
45826,45826,XU383O
45827,45827,LS197A
45828,45828,TA638Q
45829,45829,JF479D
45830,45830,YR204B
45831,45831,SR191S
45832,45832,DA923N
45833,45833,VO563Q
45834,45834,YI269R
45835,45835,LS664K
45836,45836,EQ335Y
45837,45837,AY714F
45838,45838,GJ460W
45839,45839,IV243U
45840,45840,LI305M
45841,45841,VS950E
45842,45842,GW671A
45843,45843,OK469I
45844,45844,BV856W
45845,45845,UZ728H
45846,45846,MP462M
45847,45847,LH599M
45848,45848,JH662P
45849,45849,DI320P
45850,45850,BH652Z
45851,45851,KI526Z
45852,45852,TE153D
45853,45853,MU241Y
45854,45854,UB709A
45855,45855,HW905R
45856,45856,VG446A
45857,45857,CS042O
45858,45858,JZ413L
45859,45859,IP267K
45860,45860,FV487F
45861,45861,YH464K
45862,45862,VL391P
45863,45863,ZU150N
45864,45864,RE960W
45865,45865,ED970Q
45866,45866,IY308X
45867,45867,OV839X
45868,45868,RA581R
45869,45869,IB298D
45870,45870,OR327J
45871,45871,BD522R
45872,45872,PV565O
45873,45873,OF879E
45874,45874,KJ207Q
45875,45875,GG815A
45876,45876,BV683T
45878,45878,PR526Q
45879,45879,DP047C
45880,45880,LD280H
45881,45881,CG236I
45884,45884,RN160A
48974,48974,ZW667F
48975,48975,CS304X
48976,48976,GQ054T
48977,48977,QV003O
48978,48978,YV079P
48980,48980,AZ147L
48982,48982,RJ040F
48983,48983,RZ808E
48984,48984,WC024N
48985,48985,KB605P
48987,48987,GO074Q
48988,48988,XQ649J
48989,48989,IO010K
48991,48991,EA557R
48992,48992,MY226F
48995,48995,SH834A
48997,48997,EH285X
48998,48998,WD471G
48999,48999,FB669P
49000,49000,JG717S
49002,49002,RD065E
49003,49003,CJ763M
49005,49005,AD153B
49006,49006,MF875C
49007,49007,WJ907Z
49008,49008,FB910T
49009,49009,ER263T
49010,49010,CI624Q
49011,49011,QA663W
49012,49012,EZ875M
49013,49013,AL270N
49016,49016,US376H
49017,49017,CV040Q
49018,49018,DJ054Z
49019,49019,IL992C
49020,49020,MA567C
49021,49021,OB949R
49022,49022,UG051I
49024,49024,YG615U
49025,49025,CY274R
49026,49026,WH386J
49027,49027,NX322P
49028,49028,FZ229F
49029,49029,KL356R
49030,49030,SM953H
49031,49031,QT614D
49032,49032,VD590Y
49035,49035,WG562P
49037,49037,YW527V
49038,49038,ZO393R
49039,49039,LW959R
49040,49040,IG387X
49041,49041,VT646F
49042,49042,VG092G
49044,49044,MQ869N
49045,49045,PR173B
49046,49046,EP280I
49047,49047,MY075K
49048,49048,KR411R
49049,49049,WH074D
49050,49050,SS775H
49051,49051,JQ786C
49052,49052,EO499U
49053,49053,HA262X
49054,49054,DQ036I
49055,49055,UE536E
49056,49056,MZ734N
49057,49057,QR992U
49058,49058,YI171A
49059,49059,CP258X
49060,49060,DE708U
49061,49061,VW648C
49062,49062,HU039T
49063,49063,XW791Y
49064,49064,CB180S
49065,49065,MY006E
49066,49066,WT748A
49067,49067,ZD622C
49068,49068,GC715G
49069,49069,NN235F
49070,49070,FQ698B
49071,49071,GT249X
49076,49076,QB478B
49077,49077,GP645B
49078,49078,ID286V
49081,49081,KV275P
49082,49082,WG418C
49083,49083,XR516D
49084,49084,OK467K
49085,49085,UO684U
49086,49086,TK432U
49087,49087,HY174V
49088,49088,NW864J
49090,49090,BL856K
49091,49091,QC300E
49092,49092,SX928P
49093,49093,RD834G
49094,49094,KM373O
49095,49095,HU343C
49097,49097,EO332X
49098,49098,CK870R
49099,49099,UJ401X
49100,49100,UO155N
49101,49101,ZV277Z
49102,49102,GC674L
49105,49105,CZ685X
49106,49106,AC962X
49110,49110,UR822S
49112,49112,OX236C
49113,49113,QD756H
49114,49114,QE946A
49115,49115,ZW761O
49118,49118,FO329W
49119,49119,PU618I
49120,49120,DS798I
49121,49121,BX864G
49122,49122,YP890J
49123,49123,IN571G
49124,49124,GK577Z
49125,49125,XY048H
49126,49126,FW597F
49127,49127,XX572P
49128,49128,KS981U
49129,49129,EQ212X
49130,49130,SQ494P
49131,49131,XM676J
49132,49132,JK201W
49133,49133,KL507L
49134,49134,ZY304E
49135,49135,FK412D
49136,49136,EG195Q
49138,49138,IC359R
49139,49139,LT368G
49141,49141,XY367F
49142,49142,MZ588H
49143,49143,NA194M
49144,49144,XM761F
49145,49145,ZI928I
49146,49146,LK410T
49147,49147,ZO539K
49148,49148,PP627B
49149,49149,DK570E
49150,49150,PI117I
49151,49151,AO911T
49155,49155,BW017S
49156,49156,YG254K
49157,49157,SP932T
49158,49158,CS708Z
49159,49159,OS347Z
49160,49160,TZ673I
49164,49164,RM995L
49165,49165,LT649O
49166,49166,BU159M
49167,49167,ZH850K
49168,49168,GZ262G
49169,49169,XM057U
49170,49170,AZ832Y
49171,49171,DD407N
49172,49172,GK950I
49173,49173,GT613A
49174,49174,HV594O
49175,49175,UF595L
49176,49176,AK096B
49177,49177,SB428R
49178,49178,TA626O
49179,49179,GA228R
49180,49180,ZT720I
49181,49181,PO099T
49182,49182,IT197H
49183,49183,VR069P
49184,49184,ZW160P
49185,49185,SP043J
49186,49186,OW969R
49187,49187,UH175I
49188,49188,SW121G
49189,49189,FT872Q
49190,49190,GG362Q
49191,49191,DO612K
49193,49193,YM696T
49194,49194,UA639J
49195,49195,LD038O
49196,49196,JY998Z
49197,49197,NK545I
49198,49198,EK549L
49199,49199,FQ293V
49200,49200,OP765S
49201,49201,ES247C
49203,49203,ZP793S
49204,49204,ME019C
49206,49206,KC243T
49207,49207,ZU688C
49208,49208,UB514P
49209,49209,VV220H
49210,49210,OX362E
49211,49211,PT486Z
49212,49212,XX036Y
49214,49214,TX035E
49215,49215,CP535J
49219,49219,FS516S
49222,49222,HK366W
49224,49224,PE949N
49227,49227,EF244X
49228,49228,CS954S
49230,49230,HZ143A
49231,49231,JF793Q
49232,49232,HZ840N
49236,49236,QQ756Z
49237,49237,DM329A
49238,49238,US397K
49239,49239,LE907U
49240,49240,OX652F
49241,49241,TU843H
49242,49242,LF586L
49243,49243,QW745U
49246,49246,RJ123Q
49247,49247,FC350A
49248,49248,MV713M
49249,49249,GO237P
49250,49250,KG572E
49253,49253,WI174P
49254,49254,XL092M
49255,49255,IH576I
49256,49256,AU190C
49257,49257,BU070G
49259,49259,ZV026B
49260,49260,DZ262L
49261,49261,MT932C
49262,49262,TJ864D
49263,49263,TV329Y
49264,49264,AY483O
49266,49266,OZ655I
49269,49269,OS410A
49271,49271,CX317P
49272,49272,HW107Z
49273,49273,QE852P
49280,49280,AF803H
49282,49282,TE233R
49283,49283,WI869X
49284,49284,WA094N
49289,49289,IZ821J
49290,49290,ON518A
49293,49293,HV633K
49295,49295,SU555C
49296,49296,QT306D
49299,49299,GJ261Z
49302,49302,MD949N
49303,49303,WF056W
49304,49304,VY294A
49305,49305,PV415H
49306,49306,WN974N
49307,49307,GJ132D
49308,49308,SZ867K
49309,49309,GC181I
49311,49311,EK612K
49313,49313,KV497Y
49314,49314,MQ083T
49315,49315,DD707E
49316,49316,GI359D
49317,49317,RV017N
49323,49323,KB751E
49324,49324,XP758K
49327,49327,KM291E
49328,49328,NC222E
49329,49329,GO793R
49330,49330,RA760E
49333,49333,GH533H
49335,49335,WU695T
49336,49336,VW693C
49337,49337,XC804Y
49338,49338,DT479A
49339,49339,DB733X
49341,49341,EB736F
49342,49342,HS888S
49344,49344,PA200Y
49345,49345,RA818D
49349,49349,DO857L
49350,49350,BF895D
49351,49351,OL516P
49352,49352,XO001X
49353,49353,AZ348U
49356,49356,FP455W
49361,49361,DX737C
49363,49363,VG685Z
49367,49367,LX730S
49368,49368,HJ242Y
49369,49369,WD806B
49370,49370,JQ860J
49371,49371,XV253O
49374,49374,YD599B
49375,49375,SZ024E
49377,49377,QG347A
49378,49378,LB982E
49379,49379,NP994A
49380,49380,AS709A
49382,49382,DF178J
49383,49383,LV008V
49384,49384,LM235R
49385,49385,GP402O
49386,49386,YH783V
49387,49387,SH988A
49388,49388,KF880V
49389,49389,GA682V
49390,49390,SE304G
49391,49391,SB811X
49392,49392,DQ492X
49400,49400,HD412L
49401,49401,VU133F
49402,49402,VV264H
49404,49404,DZ472A
49405,49405,GE438G
49406,49406,QZ675F
49409,49409,AW304D
49410,49410,HU960L
49411,49411,JY813F
49412,49412,DR103R
49413,49413,OY343O
49414,49414,JK116F
49415,49415,AL892K
49416,49416,XP355I
49417,49417,XV861V
49418,49418,JO155P
49419,49419,VM008D
49420,49420,WO146L
49422,49422,SB368K
49423,49423,DF668F
49424,49424,TY451J
49425,49425,SB548X
49426,49426,WG343D
49427,49427,NQ134M
49428,49428,BU402Y
49429,49429,NY514C
49430,49430,VS074K
49431,49431,BK340J
49432,49432,TU914H
49433,49433,LU834D
49434,49434,JM339C
49435,49435,HT072U
49436,49436,GN889K
49440,49440,XH306R
49441,49441,XF457L
49442,49442,PB368B
49443,49443,SD242M
49444,49444,WY688S
49445,49445,QW286L
49446,49446,IS564L
49447,49447,SR487U
49448,49448,SW878M
49449,49449,KA437B
49450,49450,IE403R
49451,49451,EM999O
49452,49452,QL783O
49453,49453,DG519H
49456,49456,CV674P
49457,49457,LA785G
49458,49458,QO347H
49459,49459,YR316Z
49461,49461,SJ291B
49462,49462,HP796G
49463,49463,LL152H
49467,49467,RQ402T
49468,49468,RL144E
49469,49469,QE201M
49470,49470,RG376O
49471,49471,FI018G
49472,49472,GJ439Z
49473,49473,BT280Z
49474,49474,KE720F
49475,49475,XY356P
49476,49476,BY562X
49477,49477,CR206Z
49478,49478,FC875P
49479,49479,TQ206K
49480,49480,AV616S
49481,49481,QJ943P
49482,49482,VW397H
49483,49483,EO634O
49484,49484,QS845A
49485,49485,ND548X
49486,49486,HL911W
49487,49487,PZ095V
49488,49488,ON331Z
49489,49489,NP712M
49490,49490,PM650V
49491,49491,VO904J
49492,49492,RJ661I
49493,49493,TH910P
49494,49494,PR631U
49495,49495,NA481D
49496,49496,MI888I
49497,49497,IP109X
49498,49498,YP009A
49499,49499,AB729P
49500,49500,SM495T
49501,49501,ID107H
49502,49502,SS772R
49503,49503,AM014S
49504,49504,BI923F
49505,49505,LW598C
49506,49506,QB100O
49509,49509,AD828N
49510,49510,JA768H
49512,49512,FY352D
49513,49513,HQ959K
49516,49516,BV357B
49517,49517,UU520O
49518,49518,LE390K
49519,49519,HC908M
49521,49521,ES708K
49522,49522,QA717G
49523,49523,SZ570P
49524,49524,WM935V
49525,49525,YN582A
49526,49526,LH901F
49527,49527,DB565N
49528,49528,RJ065A
49529,49529,WT444J
49530,49530,NV417U
49531,49531,VK700R
49532,49532,QU398Z
49533,49533,DE787T
49534,49534,YU118F
49535,49535,FC447S
49536,49536,QV257A
49537,49537,BQ058R
49538,49538,KC411K
49540,49540,CF329I
49541,49541,MQ378A
49543,49543,XG982V
49544,49544,LL476Y
49545,49545,TP978V
49546,49546,LJ109L
49547,49547,ST871V
49548,49548,FA030Y
49549,49549,YJ223G
49550,49550,CA046Z
49551,49551,BQ280Y
49552,49552,SA523L
49553,49553,HT302Q
49554,49554,AJ939R
49555,49555,HY178F
49556,49556,DP052U
49557,49557,CU262Y
49558,49558,TL630X
49559,49559,CY815O
49560,49560,TD242F
49561,49561,BV453B
49562,49562,WE382Z
49563,49563,HC966T
49564,49564,ZY453U
49565,49565,OH971B
49566,49566,CS824J
49567,49567,VC861Z
49568,49568,SW338K
49569,49569,DG662F
49570,49570,UM298E
49571,49571,IW867C
49572,49572,FR921G
49573,49573,TH958X
49574,49574,CK039Z
49575,49575,JG672S
49576,49576,EL555E
49577,49577,CT600J
49579,49579,UX405Z
49583,49583,CX595K
49584,49584,WU964D
49585,49585,JM014K
49586,49586,JJ921B
49587,49587,JI843Q
49588,49588,KY343L
49589,49589,BO960H
49590,49590,GJ340S
49591,49591,XX523A
49592,49592,QT696G
49593,49593,BQ599J
49594,49594,OH902I
49595,49595,IG465Z
49596,49596,AI509P
49597,49597,WX803O
49598,49598,QB321V
49599,49599,LB187C
49600,49600,RK762J
49601,49601,NJ170V
49602,49602,GM082I
49603,49603,MH516U
49604,49604,YS137U
49605,49605,YX686X
49606,49606,HO488Y
49608,49608,KN208K
49609,49609,HL546Q
49610,49610,EO382C
49611,49611,DW715G
49617,49617,GV815F
49618,49618,YG552Y
49619,49619,OL430W
49620,49620,XT800K
49621,49621,GX130Q
49622,49622,FN457S
49623,49623,IF281N
49624,49624,MV933Q
49625,49625,KU007H
49626,49626,CU232I
49627,49627,KG080D
49628,49628,FN905M
49629,49629,WE588S
49630,49630,EW502U
49631,49631,HX448N
49632,49632,VI901Z
49633,49633,LO709R
49634,49634,TJ243Y
49635,49635,UA728H
49636,49636,BB110L
49637,49637,HR747M
49638,49638,GX000D
49639,49639,JY961D
49640,49640,EM618Y
49641,49641,EC340L
49642,49642,JO250B
49643,49643,DG504H
49644,49644,VU996M
49645,49645,NU616W
49646,49646,JL924V
49647,49647,NE297R
49648,49648,XK764L
49649,49649,YW545U
49650,49650,CI566N
49651,49651,LX012L
49652,49652,LO377N
49653,49653,AA712N
49654,49654,AZ145R
49655,49655,VW846M
49656,49656,YX839G
49657,49657,WV684Y
49658,49658,WL633O
49659,49659,NH437W
49660,49660,DF055T
49661,49661,CZ134J
49662,49662,AY569Q
49663,49663,NF393J
49664,49664,JU054L
49665,49665,MG339Z
49666,49666,FY284Q
49667,49667,RL774B
49668,49668,ZN321D
49669,49669,ZL097F
49677,49677,FD656D
49678,49678,LS516L
49679,49679,KT055A
49680,49680,SK249K
49681,49681,VO581W
49682,49682,QB990B
49683,49683,KW798Y
49684,49684,ZF683S
49685,49685,RO501T
49686,49686,DT301O
49687,49687,GC589G
49688,49688,UD291K
49689,49689,JF630A
49690,49690,YS393S
49691,49691,ZD247I
49692,49692,AX438H
49693,49693,CI191E
49695,49695,OH215P
49699,49699,ZE807G
49700,49700,RS185L
49701,49701,SK697E
49703,49703,VH865T
49704,49704,IJ249H
49705,49705,PG353Y
49706,49706,UU044I
49707,49707,SX244N
49708,49708,ZZ582T
49709,49709,KP004I
49710,49710,VF035Z
49711,49711,ER624H
49712,49712,KS291D
49713,49713,RB741K
49714,49714,FU430Y
49715,49715,FF917Q
49716,49716,KF970A
49717,49717,CQ742M
49718,49718,LB247D
49719,49719,KJ588G
49720,49720,IY704V
49721,49721,SD354Q
49725,49725,EC124H
49727,49727,ND679N
49728,49728,IC016T
49729,49729,DO862M
49730,49730,PX156I
49731,49731,JB024L
49732,49732,WO346Z
49733,49733,GQ564Q
49734,49734,GR682U
49735,49735,MT816Z
49736,49736,JM998L
49737,49737,BZ066O
49738,49738,UJ028V
49739,49739,YT615J
49741,49741,HZ623B
49744,49744,RG896E
49746,49746,OR165I
49747,49747,YQ042F
49748,49748,EA276Y
49749,49749,RS684N
49750,49750,LE720R
49751,49751,BU866R
49752,49752,HL157J
49753,49753,WF089P
49754,49754,LW688F
49757,49757,XL170U
49758,49758,MQ815F
49760,49760,WD048T
49762,49762,BL806H
49764,49764,IB114U
49765,49765,TD863X
49766,49766,GE910X
49767,49767,VF502Z
49768,49768,LM744V
49770,49770,UL514G
49771,49771,II625C
49772,49772,RK170U
49773,49773,AZ419Y
49775,49775,XM489R
49776,49776,WP698O
49777,49777,WA147L
49779,49779,AI239F
49780,49780,UN850D
49782,49782,GX642X
49783,49783,LT354T
49784,49784,BW758E
49785,49785,YX702G
49786,49786,SZ396G
49787,49787,AG742E
49791,49791,GZ808V
49792,49792,WT030R
49793,49793,ZF654Z
49798,49798,KK514L
49799,49799,HF977V
49800,49800,UB582W
49801,49801,AS756I
49802,49802,RA982X
49803,49803,ZK057Z
49804,49804,XC770V
49805,49805,RY040J
49806,49806,XJ904T
49807,49807,AQ134K
49808,49808,BX084V
49809,49809,FX289D
49810,49810,OY655H
49811,49811,RU916O
49812,49812,KJ888A
49813,49813,VN723Y
49814,49814,RF613B
49815,49815,HQ043Q
49818,49818,NF899J
49819,49819,BE971N
49820,49820,BF440V
49821,49821,BM087H
49822,49822,FP865K
49824,49824,ZW604U
49826,49826,KH149S
49827,49827,VE503U
49828,49828,BL148K
49829,49829,GE875H
49830,49830,ST951F
49831,49831,WC492I
49832,49832,DL447A
49833,49833,US566X
49834,49834,SS492H
49835,49835,GY590C
49837,49837,GY765E
49838,49838,DB258O
49839,49839,FM777W
49840,49840,YP427U
49841,49841,SC055O
49842,49842,QJ325F
49843,49843,QT136P
49844,49844,LM249Y
49845,49845,HJ633X
49846,49846,OD116X
49847,49847,BJ071O
49848,49848,PV682T
49849,49849,XX956I
49850,49850,GU433G
49851,49851,DF425N
49852,49852,OW694P
49853,49853,MS471H
49854,49854,RJ478W
49855,49855,VX526U
49856,49856,FF879Q
49857,49857,NC456E
49858,49858,KR918X
49860,49860,DV373V
49861,49861,PR921Y
49862,49862,YE295A
49865,49865,KP336W
49866,49866,PK856E
49867,49867,MR731X
49868,49868,CM536U
49869,49869,KP542T
49870,49870,UH729Q
49871,49871,SZ541Q
49872,49872,DJ900D
49873,49873,TF609I
49874,49874,WW944I
49875,49875,ZP270K
49876,49876,YY872O
49877,49877,YR455B
49878,49878,CG635J
49879,49879,YY809I
49880,49880,CA029J
49881,49881,TX235S
49882,49882,OI134R
49883,49883,VP758P
49884,49884,NT757D
49885,49885,VL558R
49886,49886,LD645C
49887,49887,OH950Y
49890,49890,BW565K
49891,49891,IO351E
49892,49892,RL882F
49893,49893,PD819O
49895,49895,IB323U
49896,49896,RG776J
49897,49897,YJ621A
49898,49898,UH500M
49899,49899,FB881M
49900,49900,KE142C
49901,49901,IQ773O
49902,49902,RI076Q
49903,49903,LP763M
49906,49906,WF783B
49907,49907,XV695X
49909,49909,KE698W
49912,49912,GF979Q
49913,49913,GA841M
49914,49914,OM109X
49915,49915,UI182I
49916,49916,PP642A
49917,49917,AN001N
49918,49918,LL067T
49919,49919,JA389J
49920,49920,PE298V
49924,49924,SU772K
49925,49925,FR587O
49927,49927,ND314S
49931,49931,VX167E
49932,49932,LT046W
49933,49933,UB190D
49934,49934,NU377T
49935,49935,BN052H
49937,49937,BY596N
49938,49938,WZ760I
